
-- phpMyAdmin SQL Dump
-- version 2.11.4
-- http://www.phpmyadmin.net
--
-- Host: localhost
-- Generation Time: Mar 29, 2017 at 07:08 PM
-- Server version: 5.1.57
-- PHP Version: 5.2.17

SET SQL_MODE="NO_AUTO_VALUE_ON_ZERO";

--
-- Database: `a7065144_showlin`
--

-- --------------------------------------------------------

--
-- Table structure for table `evpfestival`
--

CREATE TABLE `evpfestival` (
  `FestivalId` varchar(64) NOT NULL,
  `FestivalName` varchar(100) DEFAULT NULL,
  `FestivalStatus` int(11) NOT NULL,
  `FestivalUrlFriendlyName` varchar(100) DEFAULT NULL,
  `FestivalDateOpen` int(11) DEFAULT NULL,
  `FestivalDateClose` int(11) DEFAULT NULL,
  `LocationCountryId` varchar(64) DEFAULT NULL,
  `FestivalDesc` longtext,
  PRIMARY KEY (`FestivalId`)
) ENGINE=MyISAM DEFAULT CHARSET=utf8;

--
-- Dumping data for table `evpfestival`
--

INSERT INTO `evpfestival` VALUES('91066E91-184B-178F-4588-7DCB38A0402F', 'Dog''s House', 0, 'Dog-s-House', 20170214, 20170214, 'DB64AD06-4198-48B5-9812-3E40BD3F3225', '');

-- --------------------------------------------------------

--
-- Table structure for table `evpfestivaladmin`
--

CREATE TABLE `evpfestivaladmin` (
  `AdminForId` varchar(64) NOT NULL,
  `MemberId` varchar(64) NOT NULL,
  PRIMARY KEY (`AdminForId`,`MemberId`)
) ENGINE=MyISAM DEFAULT CHARSET=utf8;

--
-- Dumping data for table `evpfestivaladmin`
--

INSERT INTO `evpfestivaladmin` VALUES('91066E91-184B-178F-4588-7DCB38A0402F', '14D34900-63E9-6DBC-0798-B8D5C2DDFA46');

-- --------------------------------------------------------

--
-- Table structure for table `evpgoingto`
--

CREATE TABLE `evpgoingto` (
  `MemberId` varchar(64) COLLATE latin1_general_ci NOT NULL,
  `ShowDateId` varchar(64) COLLATE latin1_general_ci NOT NULL,
  `GoingToStatus` int(11) DEFAULT NULL,
  PRIMARY KEY (`ShowDateId`,`MemberId`)
) ENGINE=MyISAM DEFAULT CHARSET=latin1 COLLATE=latin1_general_ci;

--
-- Dumping data for table `evpgoingto`
--

INSERT INTO `evpgoingto` VALUES('34C9401C-514D-71C8-5AB9-B0B004BABA36', '7EFE7869-F5F7-CF9E-8038-23EAE20868E8', 1);

-- --------------------------------------------------------

--
-- Table structure for table `evphost`
--

CREATE TABLE `evphost` (
  `HostId` varchar(64) NOT NULL,
  `HostName` varchar(100) NOT NULL,
  `HostStatus` int(11) DEFAULT NULL,
  `HostUrlFriendlyName` varchar(100) DEFAULT NULL,
  `LocationCountryId` varchar(64) NOT NULL,
  `HostDesc` longtext,
  PRIMARY KEY (`HostId`)
) ENGINE=MyISAM DEFAULT CHARSET=utf8;

--
-- Dumping data for table `evphost`
--

INSERT INTO `evphost` VALUES('762EF655-5666-441C-0281-9FA19137D82B', 'Comedy On Edge', 1, 'Comedy-On-Edge', 'DB64AD06-4198-48B5-9812-3E40BD3F3225', '');
INSERT INTO `evphost` VALUES('CE340560-C342-706F-E1F2-3EF6AAD9B0DF', 'dog''s house', 0, 'dog-s-house', 'DB64AD06-4198-48B5-9812-3E40BD3F3225', '');
INSERT INTO `evphost` VALUES('0CA2E4FC-12D7-9230-08FB-F05C47FB3FF1', 'Dog''s House', 0, 'Dog-s-House-2', 'DB64AD06-4198-48B5-9812-3E40BD3F3225', '');

-- --------------------------------------------------------

--
-- Table structure for table `evphostadmin`
--

CREATE TABLE `evphostadmin` (
  `AdminForId` varchar(64) NOT NULL,
  `MemberId` varchar(64) NOT NULL,
  PRIMARY KEY (`AdminForId`,`MemberId`)
) ENGINE=MyISAM DEFAULT CHARSET=utf8;

--
-- Dumping data for table `evphostadmin`
--

INSERT INTO `evphostadmin` VALUES('0CA2E4FC-12D7-9230-08FB-F05C47FB3FF1', '14D34900-63E9-6DBC-0798-B8D5C2DDFA46');
INSERT INTO `evphostadmin` VALUES('762EF655-5666-441C-0281-9FA19137D82B', '14D34900-63E9-6DBC-0798-B8D5C2DDFA46');
INSERT INTO `evphostadmin` VALUES('762EF655-5666-441C-0281-9FA19137D82B', '34C9401C-514D-71C8-5AB9-B0B004BABA36');
INSERT INTO `evphostadmin` VALUES('CE340560-C342-706F-E1F2-3EF6AAD9B0DF', '14D34900-63E9-6DBC-0798-B8D5C2DDFA46');

-- --------------------------------------------------------

--
-- Table structure for table `evphostliked`
--

CREATE TABLE `evphostliked` (
  `MemberId` varchar(64) NOT NULL,
  `LikedId` varchar(64) NOT NULL,
  PRIMARY KEY (`MemberId`,`LikedId`)
) ENGINE=MyISAM DEFAULT CHARSET=utf8;

--
-- Dumping data for table `evphostliked`
--


-- --------------------------------------------------------

--
-- Table structure for table `evplocationarea`
--

CREATE TABLE `evplocationarea` (
  `LocationAreaId` varchar(64) NOT NULL,
  `LocationAreaName` varchar(200) NOT NULL,
  `Latitude` double DEFAULT NULL,
  `Longitude` double DEFAULT NULL,
  `LocationRegionId` varchar(64) DEFAULT NULL,
  `LocationAreaCode` char(2) DEFAULT NULL,
  PRIMARY KEY (`LocationAreaId`),
  KEY `LocationRegionId` (`LocationRegionId`)
) ENGINE=MyISAM DEFAULT CHARSET=utf8;

--
-- Dumping data for table `evplocationarea`
--

INSERT INTO `evplocationarea` VALUES('4D82B3A5-0AF6-43B6-AEB6-2CCA306F8578', 'Wollongong', -34.4331, 150.8831, '7618CCC3-CFE6-4C41-B7A1-A4B97A40B3CC', '03');
INSERT INTO `evplocationarea` VALUES('A805345F-10A8-4243-BF0E-3596CA9690F6', 'Sydney', -33.86, 151.2094, '7618CCC3-CFE6-4C41-B7A1-A4B97A40B3CC', '01');
INSERT INTO `evplocationarea` VALUES('96A973B1-553E-4B1F-A3C4-ABDA997E41A1', 'Newcastle', -32.9167, 151.75, '7618CCC3-CFE6-4C41-B7A1-A4B97A40B3CC', '02');
INSERT INTO `evplocationarea` VALUES('96B5E6E6-99F2-4841-896D-9DCC19D46E47', 'Adelaide', -34.98, 138.7, '9F57FFED-440C-465E-B881-4D367A132B36', '04');
INSERT INTO `evplocationarea` VALUES('3F5B24F0-7958-4C9B-993F-7EAD4986FBDD', 'Brisbane', -27.4, 153, '78688398-3016-49B2-93FF-C7CA205DD07F', '01');
INSERT INTO `evplocationarea` VALUES('687F199B-9804-4C9E-9C15-50F003074C77', 'Gold Coast', -27.98, 153.32, '78688398-3016-49B2-93FF-C7CA205DD07F', '02');
INSERT INTO `evplocationarea` VALUES('1860B90F-F929-4FAC-A95A-E1421539EEEA', 'Melbourne', -37.86, 145.06, '672F15BB-18F9-421F-92FC-53577B07E066', '01');
INSERT INTO `evplocationarea` VALUES('1AA5C673-2E91-4426-9F47-1E6DBB9FDCD7', 'Darwin', -12.594, 131, '44DEA8E0-DA12-4F9B-A43A-742493851347', '05');
INSERT INTO `evplocationarea` VALUES('1D442646-EB9A-41C7-AFA8-3795D4DEDE0C', 'Liverpool', -32.9167, 151.75, '7E7DDABE-E409-49F1-A1FC-0B57B26884B4', '02');
INSERT INTO `evplocationarea` VALUES('655A80E9-E94E-467C-834F-02850E4884C7', 'London', -33.86, 151.2094, '7E7DDABE-E409-49F1-A1FC-0B57B26884B4', '01');
INSERT INTO `evplocationarea` VALUES('F1105111-57EB-4A50-A19F-D2847D70899D', 'Manchester', -34.4331, 150.8831, '7E7DDABE-E409-49F1-A1FC-0B57B26884B4', '03');
INSERT INTO `evplocationarea` VALUES('D796620C-65BA-41C5-B0DA-A2F0DEB2A527', 'Edinburgh', -33.86, 151.2094, '1A600016-62C4-4DEB-A277-E9E7E34D294F', '01');
INSERT INTO `evplocationarea` VALUES('F8CAE667-F7BE-4CCB-A2F0-47A8071BA6D9', 'Glasgow', -32.9167, 151.75, '1A600016-62C4-4DEB-A277-E9E7E34D294F', '02');
INSERT INTO `evplocationarea` VALUES('200AD640-A5B7-4823-9E5B-FC83D079E7AD', 'Vancouver', -33.86, 151.2094, '462DC926-E756-497F-B97C-3C080DDC5C7A', '01');
INSERT INTO `evplocationarea` VALUES('37CF7083-C0AC-4EA8-8B32-E384FD8C6047', 'Whistler', -32.9167, 151.75, '462DC926-E756-497F-B97C-3C080DDC5C7A', '02');
INSERT INTO `evplocationarea` VALUES('9A629C9D-F305-49FA-BD6D-0529639C0511', 'Winnipeg', -33.86, 151.2094, '52A27E02-294F-40FA-9016-3B6AA7AD6DA4', '01');
INSERT INTO `evplocationarea` VALUES('4B46B711-D6FF-497F-A6DC-170B8D69B89D', 'Thunder Bay', -32.9167, 151.75, '52A27E02-294F-40FA-9016-3B6AA7AD6DA4', '02');
INSERT INTO `evplocationarea` VALUES('43935331-2225-4640-A473-CBD8F6FF49C2', 'Montreal', -33.86, 151.2094, 'D500F218-85E2-4941-8108-8FDEDDA83943', '01');
INSERT INTO `evplocationarea` VALUES('BEFC0A87-B5CB-4879-9CD3-2AC4007567FC', 'Ottawa', -32.9167, 151.75, 'D500F218-85E2-4941-8108-8FDEDDA83943', '02');
INSERT INTO `evplocationarea` VALUES('CC3CDEFC-7790-480D-9FE9-81BA8BB96F43', 'New York', -33.86, 151.2094, '86AF56BB-ED3C-46FB-99BD-6AEC2EDDB57D', '01');
INSERT INTO `evplocationarea` VALUES('183649E2-EA40-4869-834F-D6E56D6F2CA8', 'Queens', -32.9167, 151.75, '86AF56BB-ED3C-46FB-99BD-6AEC2EDDB57D', '02');
INSERT INTO `evplocationarea` VALUES('5F19B8C1-5998-4FD2-9311-56F045FEBE5B', 'Manhattan', -34.4331, 150.8831, '86AF56BB-ED3C-46FB-99BD-6AEC2EDDB57D', '03');
INSERT INTO `evplocationarea` VALUES('F376ADC7-4F04-419D-936A-61EBAF27C93A', 'Los Angeles', -33.86, 151.2094, 'D84A7E42-2E3A-4B4A-8063-8A63F00DFA33', '01');
INSERT INTO `evplocationarea` VALUES('204212CE-818C-438B-A9AB-A15B111546EE', 'San Diago', -32.9167, 151.75, 'D84A7E42-2E3A-4B4A-8063-8A63F00DFA33', '02');
INSERT INTO `evplocationarea` VALUES('EAD04760-D224-40EC-8476-BCDC07FE67B9', 'San Francisco', -34.4331, 150.8831, 'D84A7E42-2E3A-4B4A-8063-8A63F00DFA33', '03');
INSERT INTO `evplocationarea` VALUES('2098B0F6-2E1C-486C-8761-9B5B93AAE96D', 'Orlando', -33.86, 151.2094, '2A22AF0A-326B-4BA6-8D1A-A8895305414D', '01');
INSERT INTO `evplocationarea` VALUES('43AECC5A-5F89-463E-8DFD-348800176027', 'Tamper', -32.9167, 151.75, '2A22AF0A-326B-4BA6-8D1A-A8895305414D', '02');
INSERT INTO `evplocationarea` VALUES('F6D63C71-07CD-415F-AF54-695590B38E5F', 'Fort Myers', -34.4331, 150.8831, '2A22AF0A-326B-4BA6-8D1A-A8895305414D', '03');

-- --------------------------------------------------------

--
-- Table structure for table `evplocationcountry`
--

CREATE TABLE `evplocationcountry` (
  `LocationCountryId` varchar(64) NOT NULL,
  `LocationCountryName` varchar(200) NOT NULL,
  `LocationCountryCode` char(2) DEFAULT NULL,
  PRIMARY KEY (`LocationCountryId`)
) ENGINE=MyISAM DEFAULT CHARSET=utf8;

--
-- Dumping data for table `evplocationcountry`
--

INSERT INTO `evplocationcountry` VALUES('DB64AD06-4198-48B5-9812-3E40BD3F3225', 'Australia', 'AU');
INSERT INTO `evplocationcountry` VALUES('C8499E66-C6BC-468B-84C3-74ED46684013', 'USA', 'US');
INSERT INTO `evplocationcountry` VALUES('6B3FE13B-48AC-4F75-9CCE-751ED7CB8993', 'United Kingdom', 'UK');
INSERT INTO `evplocationcountry` VALUES('F6104DBA-BBD2-4FE3-BC7A-DAA74E9F8D13', 'Canada', 'CA');

-- --------------------------------------------------------

--
-- Table structure for table `evplocationregion`
--

CREATE TABLE `evplocationregion` (
  `LocationRegionId` varchar(64) NOT NULL,
  `LocationRegionName` varchar(200) NOT NULL,
  `LocationRegionCode` varchar(3) DEFAULT NULL,
  `LocationCountryId` varchar(64) DEFAULT NULL,
  PRIMARY KEY (`LocationRegionId`),
  KEY `LocationCountryId` (`LocationCountryId`)
) ENGINE=MyISAM DEFAULT CHARSET=utf8;

--
-- Dumping data for table `evplocationregion`
--

INSERT INTO `evplocationregion` VALUES('672F15BB-18F9-421F-92FC-53577B07E066', 'Victoria', '01', 'DB64AD06-4198-48B5-9812-3E40BD3F3225');
INSERT INTO `evplocationregion` VALUES('9F57FFED-440C-465E-B881-4D367A132B36', 'South Australia', '04', 'DB64AD06-4198-48B5-9812-3E40BD3F3225');
INSERT INTO `evplocationregion` VALUES('7618CCC3-CFE6-4C41-B7A1-A4B97A40B3CC', 'New South Wales', '02', 'DB64AD06-4198-48B5-9812-3E40BD3F3225');
INSERT INTO `evplocationregion` VALUES('78688398-3016-49B2-93FF-C7CA205DD07F', 'Queensland', '03', 'DB64AD06-4198-48B5-9812-3E40BD3F3225');
INSERT INTO `evplocationregion` VALUES('44DEA8E0-DA12-4F9B-A43A-742493851347', 'Northern Territory', '05', 'DB64AD06-4198-48B5-9812-3E40BD3F3225');
INSERT INTO `evplocationregion` VALUES('7E7DDABE-E409-49F1-A1FC-0B57B26884B4', 'England', '11', '6B3FE13B-48AC-4F75-9CCE-751ED7CB8993');
INSERT INTO `evplocationregion` VALUES('1A600016-62C4-4DEB-A277-E9E7E34D294F', 'Scotland', '12', '6B3FE13B-48AC-4F75-9CCE-751ED7CB8993');
INSERT INTO `evplocationregion` VALUES('52A27E02-294F-40FA-9016-3B6AA7AD6DA4', 'Ontario', '06', 'F6104DBA-BBD2-4FE3-BC7A-DAA74E9F8D13');
INSERT INTO `evplocationregion` VALUES('462DC926-E756-497F-B97C-3C080DDC5C7A', 'British Columbia', '07', 'F6104DBA-BBD2-4FE3-BC7A-DAA74E9F8D13');
INSERT INTO `evplocationregion` VALUES('D500F218-85E2-4941-8108-8FDEDDA83943', 'Quebec', '05', 'F6104DBA-BBD2-4FE3-BC7A-DAA74E9F8D13');
INSERT INTO `evplocationregion` VALUES('86AF56BB-ED3C-46FB-99BD-6AEC2EDDB57D', 'New York', '09', 'C8499E66-C6BC-468B-84C3-74ED46684013');
INSERT INTO `evplocationregion` VALUES('D84A7E42-2E3A-4B4A-8063-8A63F00DFA33', 'California', '08', 'C8499E66-C6BC-468B-84C3-74ED46684013');
INSERT INTO `evplocationregion` VALUES('2A22AF0A-326B-4BA6-8D1A-A8895305414D', 'Floria', '10', 'C8499E66-C6BC-468B-84C3-74ED46684013');

-- --------------------------------------------------------

--
-- Table structure for table `evpmember`
--

CREATE TABLE `evpmember` (
  `MemberId` varchar(64) NOT NULL,
  `MemberName` varchar(200) NOT NULL,
  `MemberLogin` varchar(100) NOT NULL,
  `MemberPassword` varchar(60) NOT NULL,
  `MemberCookie` varchar(50) DEFAULT NULL,
  `MemberEmail` varchar(200) DEFAULT NULL,
  `LocationCountryId` varchar(64) DEFAULT NULL,
  `RememberCode` varchar(64) NOT NULL,
  PRIMARY KEY (`MemberId`)
) ENGINE=MyISAM DEFAULT CHARSET=utf8;

--
-- Dumping data for table `evpmember`
--

INSERT INTO `evpmember` VALUES('34C9401C-514D-71C8-5AB9-B0B004BABA36', 'Justin', 'justin@test.com', '$P$BoYuPbK4uWviu6KKiQYpY8ig49y4pt/', 'testcookie', 'justin@test.com', '', '8989D458ECC5B143C0C2A5A3F6670112');
INSERT INTO `evpmember` VALUES('039644C0-4117-2A92-D323-2D632EB3A760', 'Ben Squires', 'ben@test.com', '$P$BfKa6W7k5zabad2fjX3mAiW1kth4Mg/', 'testcookie', 'ben@test.com', 'DB64AD06-4198-48B5-9812-3E40BD3F3225', '');
INSERT INTO `evpmember` VALUES('14D34900-63E9-6DBC-0798-B8D5C2DDFA46', 'Justin', 'acyssfx@hotmail.com', '$P$BBAlGat5eHpItFRnwf7haoVHly9Hei.', 'testcookie', 'acyssfx@hotmail.com', 'DB64AD06-4198-48B5-9812-3E40BD3F3225', 'A52161CCA29DFFF88C2491EFD9CC4BE4');

-- --------------------------------------------------------

--
-- Table structure for table `evpperformer`
--

CREATE TABLE `evpperformer` (
  `PerformerId` varchar(64) NOT NULL,
  `PerformerName` varchar(200) DEFAULT NULL,
  `PerformerStatus` int(11) DEFAULT NULL,
  `PerformerUrlFriendlyName` varchar(200) NOT NULL,
  `PerformerDesc` longtext,
  `PicSmall` varchar(50) DEFAULT NULL,
  `PicLarge` varchar(50) DEFAULT NULL,
  PRIMARY KEY (`PerformerId`)
) ENGINE=MyISAM DEFAULT CHARSET=utf8;

--
-- Dumping data for table `evpperformer`
--

INSERT INTO `evpperformer` VALUES('2522A62C-A9B3-7EC7-B03B-5C868CAAE77C', 'Darien Brown', 1, 'Darien-Brown', '', NULL, NULL);
INSERT INTO `evpperformer` VALUES('669AD601-3045-5FB3-FCAA-914F1F243185', 'Jamal Abdul', 1, 'Jamal-Abdul', '', NULL, NULL);
INSERT INTO `evpperformer` VALUES('170D0304-81C6-6BEE-EAEB-843D3D916205', 'Jamie Kirk', 1, 'Jamie-Kirk', '', NULL, NULL);
INSERT INTO `evpperformer` VALUES('E0D44042-2932-2DCB-3BC9-367D03746FE3', 'Michele Gennoe', 1, 'Michele-Gennoe', '', NULL, NULL);
INSERT INTO `evpperformer` VALUES('8E2811A0-CA4F-E8EA-5BE6-D1438890E948', 'Alan Rutledge', 1, 'Alan-Rutledge', '', NULL, NULL);
INSERT INTO `evpperformer` VALUES('AC91C750-C272-592E-2C6A-5CFA025891B0', 'Claudia Rae', 1, 'Claudia-Rae', '', NULL, NULL);
INSERT INTO `evpperformer` VALUES('B9C337B4-A9CB-731F-039A-8751E3AF6F50', 'Marty Morgan', 1, 'Marty-Morgan', '', NULL, NULL);
INSERT INTO `evpperformer` VALUES('CC316522-B751-7337-5E79-7221274D155A', 'Jamie Jowono', 1, 'Jamie-Jowono', '', NULL, NULL);
INSERT INTO `evpperformer` VALUES('6D641F95-42FC-38CC-EBC6-FC5917879717', 'Peter Green', 1, 'Peter-Green', '', NULL, NULL);
INSERT INTO `evpperformer` VALUES('EB38C0B4-15CD-6CA1-A91C-86ADE7DD1252', 'Sam Kissajukian', 1, 'Sam-Kissajukian', '', NULL, NULL);
INSERT INTO `evpperformer` VALUES('EA044482-44DF-A873-B765-EDC30094B166', 'Film Feuds Podcast', 1, 'Film-Feuds-Podcast', '', NULL, NULL);
INSERT INTO `evpperformer` VALUES('F4E9F445-4A05-1931-0DCB-A4BBD7D217DA', 'Arnie Pie', 1, 'Arnie-Pie', '', NULL, NULL);
INSERT INTO `evpperformer` VALUES('BF63CB74-23E4-A883-86E5-40B5F657D01B', 'Bobby Deez', 1, 'Bobby-Deez', '', NULL, NULL);
INSERT INTO `evpperformer` VALUES('5846479B-AF7C-02AC-50A6-E20138A21EF2', 'Gaelle Constant', 1, 'Gaelle-Constant', '', NULL, NULL);
INSERT INTO `evpperformer` VALUES('7B7F631D-CBDF-F56A-E8EB-BE89495B3536', 'George Pettifer', 1, 'George-Pettifer', '', NULL, NULL);
INSERT INTO `evpperformer` VALUES('1CA00C67-FF75-8800-D081-AC3DE0A1CA76', 'Scott Thompson', 1, 'Scott-Thompson', '', NULL, NULL);
INSERT INTO `evpperformer` VALUES('7E141DF7-9898-93E9-8803-9D5635F14F7A', 'Wiley Jay', 1, 'Wiley-Jay', '', NULL, NULL);
INSERT INTO `evpperformer` VALUES('D1934A12-D642-5253-0A3E-53BC0229C30A', 'Rohan Arneil', 1, 'Rohan-Arneil', '', NULL, NULL);
INSERT INTO `evpperformer` VALUES('9D825381-40E1-ED9A-976E-F2F4BB7365FA', 'Fiona Cox', 1, 'Fiona-Cox', '', NULL, NULL);
INSERT INTO `evpperformer` VALUES('C06A5745-8DD4-2FB4-4B59-FAA45BC2DA8B', 'Brian Strain', 1, 'Brian-Strain', '', NULL, NULL);
INSERT INTO `evpperformer` VALUES('9FBE7D78-6816-638F-AFA9-C929E1E33987', 'Gearard McGeown', 1, 'Gearard-McGeown', '', NULL, NULL);
INSERT INTO `evpperformer` VALUES('A2633456-01B1-C3E2-70D0-1EEE11FAD34A', 'Comedy Roast Battle', 1, 'Comedy-Roast-Battle', '', NULL, NULL);
INSERT INTO `evpperformer` VALUES('36AAF11C-C128-78ED-7266-AED588AAF95C', 'Suren Jayemanne', 1, 'Suren-Jayemanne', '', NULL, NULL);
INSERT INTO `evpperformer` VALUES('807A983A-3F7D-BCD8-6760-81C93C041E23', 'Zac Hutchinson', 1, 'Zac-Hutchinson', '', NULL, NULL);
INSERT INTO `evpperformer` VALUES('7281CEE0-1E59-31BC-BAC6-DCDFC58AD8A7', 'Ben Ellwood', 1, 'Ben-Ellwood', '', NULL, NULL);
INSERT INTO `evpperformer` VALUES('D2037799-24C4-8E3A-EE8C-58E17574267B', 'Ray Cashman', 1, 'Ray-Cashman', '', NULL, NULL);
INSERT INTO `evpperformer` VALUES('DEAC5505-37F7-E6DA-F7FA-7BA58A80262D', 'Renu Prasad', 1, 'Renu-Prasad', '', NULL, NULL);
INSERT INTO `evpperformer` VALUES('9C3F503E-CFFB-8CE9-E036-38A3563D4CB7', 'Sally Don', 1, 'Sally-Don', '', NULL, NULL);
INSERT INTO `evpperformer` VALUES('DEEDF837-2C84-0F40-CED0-0750E6794433', 'Sue Thomas', 1, 'Sue-Thomas', '', NULL, NULL);
INSERT INTO `evpperformer` VALUES('E63ACB53-196D-38CA-C189-946CD1FC6A24', 'James Nokise', 1, 'James-Nokise', '', NULL, NULL);
INSERT INTO `evpperformer` VALUES('B80EF265-697D-C7F7-3C14-79FDF2D42143', 'Danny Giles', 1, 'Danny-Giles', '', NULL, NULL);
INSERT INTO `evpperformer` VALUES('37BD2232-EC3C-1B5E-18BD-048DFD53B07B', 'Dolores Lorette', 1, 'Dolores-Lorette', '', NULL, NULL);
INSERT INTO `evpperformer` VALUES('E7F88DD3-DAFC-0599-1886-44582215E2C3', 'Emma Malik', 1, 'Emma-Malik', '', NULL, NULL);
INSERT INTO `evpperformer` VALUES('83AD3046-7462-1162-EEDD-423E85975F24', 'Aaron Counter', 1, 'Aaron-Counter', '', NULL, NULL);
INSERT INTO `evpperformer` VALUES('CC4FA7A5-64BE-5934-9326-A491FE47066A', 'Nikko Maylan', 1, 'Nikko-Maylan', '', NULL, NULL);
INSERT INTO `evpperformer` VALUES('1A314332-1A44-4D70-61BB-DECCAFE9624B', 'Kristin Bosenberg', 1, 'Kristin-Bosenberg', '', NULL, NULL);
INSERT INTO `evpperformer` VALUES('3F56442F-D307-A68A-3BCE-92DEF0721B4B', 'Daniel Townes', 1, 'Daniel-Townes', '', NULL, NULL);
INSERT INTO `evpperformer` VALUES('34DB3399-1AF3-67A2-E668-9C5AFB719B1E', 'Jack Jones', 1, 'Jack-Jones', '', NULL, NULL);
INSERT INTO `evpperformer` VALUES('981B31FD-D0EC-03FD-8B40-9C1FB8962A17', 'Tom Orr', 1, 'Tom-Orr', '', NULL, NULL);
INSERT INTO `evpperformer` VALUES('8E7BE065-4894-4EE9-EEAE-640772EAD85F', 'Allie Butler', 1, 'Allie-Butler', '', NULL, NULL);
INSERT INTO `evpperformer` VALUES('C2644F09-FF73-CCCB-AE3A-199D6C0431D3', 'Bob Deacon', 1, 'Bob-Deacon', '', NULL, NULL);
INSERT INTO `evpperformer` VALUES('D9448F97-3F4C-9681-0E50-01BBD57C8D6C', 'Lauren Bonner', 1, 'Lauren-Bonner', '', NULL, NULL);
INSERT INTO `evpperformer` VALUES('138459EF-BD4B-03E4-5028-6D8E6C75B9FD', 'Joe Antar', 1, 'Joe-Antar', '', NULL, NULL);
INSERT INTO `evpperformer` VALUES('E8AFFE2B-705B-B5A5-ECBE-45CBB43C1272', 'Ben Wilshaw', 1, 'Ben-Wilshaw', '', NULL, NULL);
INSERT INTO `evpperformer` VALUES('B16BBA49-B5BF-9AA2-E8B8-9713ADCA1EFF', 'Alex Jae', 1, 'Alex-Jae', '', NULL, NULL);

-- --------------------------------------------------------

--
-- Table structure for table `evpperformeradmin`
--

CREATE TABLE `evpperformeradmin` (
  `AdminForId` varchar(64) NOT NULL,
  `MemberId` varchar(64) NOT NULL,
  PRIMARY KEY (`AdminForId`,`MemberId`)
) ENGINE=MyISAM DEFAULT CHARSET=utf8;

--
-- Dumping data for table `evpperformeradmin`
--

INSERT INTO `evpperformeradmin` VALUES('138459EF-BD4B-03E4-5028-6D8E6C75B9FD', '14D34900-63E9-6DBC-0798-B8D5C2DDFA46');
INSERT INTO `evpperformeradmin` VALUES('170D0304-81C6-6BEE-EAEB-843D3D916205', '34C9401C-514D-71C8-5AB9-B0B004BABA36');
INSERT INTO `evpperformeradmin` VALUES('1A314332-1A44-4D70-61BB-DECCAFE9624B', '14D34900-63E9-6DBC-0798-B8D5C2DDFA46');
INSERT INTO `evpperformeradmin` VALUES('1CA00C67-FF75-8800-D081-AC3DE0A1CA76', '34C9401C-514D-71C8-5AB9-B0B004BABA36');
INSERT INTO `evpperformeradmin` VALUES('2522A62C-A9B3-7EC7-B03B-5C868CAAE77C', '34C9401C-514D-71C8-5AB9-B0B004BABA36');
INSERT INTO `evpperformeradmin` VALUES('34DB3399-1AF3-67A2-E668-9C5AFB719B1E', '14D34900-63E9-6DBC-0798-B8D5C2DDFA46');
INSERT INTO `evpperformeradmin` VALUES('36AAF11C-C128-78ED-7266-AED588AAF95C', '34C9401C-514D-71C8-5AB9-B0B004BABA36');
INSERT INTO `evpperformeradmin` VALUES('37BD2232-EC3C-1B5E-18BD-048DFD53B07B', '14D34900-63E9-6DBC-0798-B8D5C2DDFA46');
INSERT INTO `evpperformeradmin` VALUES('3F56442F-D307-A68A-3BCE-92DEF0721B4B', '14D34900-63E9-6DBC-0798-B8D5C2DDFA46');
INSERT INTO `evpperformeradmin` VALUES('5846479B-AF7C-02AC-50A6-E20138A21EF2', '34C9401C-514D-71C8-5AB9-B0B004BABA36');
INSERT INTO `evpperformeradmin` VALUES('669AD601-3045-5FB3-FCAA-914F1F243185', '34C9401C-514D-71C8-5AB9-B0B004BABA36');
INSERT INTO `evpperformeradmin` VALUES('6D641F95-42FC-38CC-EBC6-FC5917879717', '34C9401C-514D-71C8-5AB9-B0B004BABA36');
INSERT INTO `evpperformeradmin` VALUES('7281CEE0-1E59-31BC-BAC6-DCDFC58AD8A7', '34C9401C-514D-71C8-5AB9-B0B004BABA36');
INSERT INTO `evpperformeradmin` VALUES('7B7F631D-CBDF-F56A-E8EB-BE89495B3536', '34C9401C-514D-71C8-5AB9-B0B004BABA36');
INSERT INTO `evpperformeradmin` VALUES('7E141DF7-9898-93E9-8803-9D5635F14F7A', '34C9401C-514D-71C8-5AB9-B0B004BABA36');
INSERT INTO `evpperformeradmin` VALUES('807A983A-3F7D-BCD8-6760-81C93C041E23', '34C9401C-514D-71C8-5AB9-B0B004BABA36');
INSERT INTO `evpperformeradmin` VALUES('83AD3046-7462-1162-EEDD-423E85975F24', '14D34900-63E9-6DBC-0798-B8D5C2DDFA46');
INSERT INTO `evpperformeradmin` VALUES('8E2811A0-CA4F-E8EA-5BE6-D1438890E948', '34C9401C-514D-71C8-5AB9-B0B004BABA36');
INSERT INTO `evpperformeradmin` VALUES('8E7BE065-4894-4EE9-EEAE-640772EAD85F', '14D34900-63E9-6DBC-0798-B8D5C2DDFA46');
INSERT INTO `evpperformeradmin` VALUES('981B31FD-D0EC-03FD-8B40-9C1FB8962A17', '14D34900-63E9-6DBC-0798-B8D5C2DDFA46');
INSERT INTO `evpperformeradmin` VALUES('9C3F503E-CFFB-8CE9-E036-38A3563D4CB7', '14D34900-63E9-6DBC-0798-B8D5C2DDFA46');
INSERT INTO `evpperformeradmin` VALUES('9D825381-40E1-ED9A-976E-F2F4BB7365FA', '34C9401C-514D-71C8-5AB9-B0B004BABA36');
INSERT INTO `evpperformeradmin` VALUES('9FBE7D78-6816-638F-AFA9-C929E1E33987', '34C9401C-514D-71C8-5AB9-B0B004BABA36');
INSERT INTO `evpperformeradmin` VALUES('A2633456-01B1-C3E2-70D0-1EEE11FAD34A', '34C9401C-514D-71C8-5AB9-B0B004BABA36');
INSERT INTO `evpperformeradmin` VALUES('AC91C750-C272-592E-2C6A-5CFA025891B0', '34C9401C-514D-71C8-5AB9-B0B004BABA36');
INSERT INTO `evpperformeradmin` VALUES('B16BBA49-B5BF-9AA2-E8B8-9713ADCA1EFF', '14D34900-63E9-6DBC-0798-B8D5C2DDFA46');
INSERT INTO `evpperformeradmin` VALUES('B80EF265-697D-C7F7-3C14-79FDF2D42143', '14D34900-63E9-6DBC-0798-B8D5C2DDFA46');
INSERT INTO `evpperformeradmin` VALUES('B9C337B4-A9CB-731F-039A-8751E3AF6F50', '34C9401C-514D-71C8-5AB9-B0B004BABA36');
INSERT INTO `evpperformeradmin` VALUES('BF63CB74-23E4-A883-86E5-40B5F657D01B', '34C9401C-514D-71C8-5AB9-B0B004BABA36');
INSERT INTO `evpperformeradmin` VALUES('C06A5745-8DD4-2FB4-4B59-FAA45BC2DA8B', '34C9401C-514D-71C8-5AB9-B0B004BABA36');
INSERT INTO `evpperformeradmin` VALUES('C2644F09-FF73-CCCB-AE3A-199D6C0431D3', '14D34900-63E9-6DBC-0798-B8D5C2DDFA46');
INSERT INTO `evpperformeradmin` VALUES('CC316522-B751-7337-5E79-7221274D155A', '34C9401C-514D-71C8-5AB9-B0B004BABA36');
INSERT INTO `evpperformeradmin` VALUES('CC4FA7A5-64BE-5934-9326-A491FE47066A', '14D34900-63E9-6DBC-0798-B8D5C2DDFA46');
INSERT INTO `evpperformeradmin` VALUES('D1934A12-D642-5253-0A3E-53BC0229C30A', '34C9401C-514D-71C8-5AB9-B0B004BABA36');
INSERT INTO `evpperformeradmin` VALUES('D2037799-24C4-8E3A-EE8C-58E17574267B', '14D34900-63E9-6DBC-0798-B8D5C2DDFA46');
INSERT INTO `evpperformeradmin` VALUES('D9448F97-3F4C-9681-0E50-01BBD57C8D6C', '14D34900-63E9-6DBC-0798-B8D5C2DDFA46');
INSERT INTO `evpperformeradmin` VALUES('DEAC5505-37F7-E6DA-F7FA-7BA58A80262D', '14D34900-63E9-6DBC-0798-B8D5C2DDFA46');
INSERT INTO `evpperformeradmin` VALUES('DEEDF837-2C84-0F40-CED0-0750E6794433', '14D34900-63E9-6DBC-0798-B8D5C2DDFA46');
INSERT INTO `evpperformeradmin` VALUES('E0D44042-2932-2DCB-3BC9-367D03746FE3', '34C9401C-514D-71C8-5AB9-B0B004BABA36');
INSERT INTO `evpperformeradmin` VALUES('E63ACB53-196D-38CA-C189-946CD1FC6A24', '14D34900-63E9-6DBC-0798-B8D5C2DDFA46');
INSERT INTO `evpperformeradmin` VALUES('E7F88DD3-DAFC-0599-1886-44582215E2C3', '14D34900-63E9-6DBC-0798-B8D5C2DDFA46');
INSERT INTO `evpperformeradmin` VALUES('E8AFFE2B-705B-B5A5-ECBE-45CBB43C1272', '14D34900-63E9-6DBC-0798-B8D5C2DDFA46');
INSERT INTO `evpperformeradmin` VALUES('EA044482-44DF-A873-B765-EDC30094B166', '34C9401C-514D-71C8-5AB9-B0B004BABA36');
INSERT INTO `evpperformeradmin` VALUES('EB38C0B4-15CD-6CA1-A91C-86ADE7DD1252', '34C9401C-514D-71C8-5AB9-B0B004BABA36');
INSERT INTO `evpperformeradmin` VALUES('F4E9F445-4A05-1931-0DCB-A4BBD7D217DA', '34C9401C-514D-71C8-5AB9-B0B004BABA36');

-- --------------------------------------------------------

--
-- Table structure for table `evpperformerliked`
--

CREATE TABLE `evpperformerliked` (
  `MemberId` varchar(64) NOT NULL,
  `LikedId` varchar(64) NOT NULL,
  PRIMARY KEY (`MemberId`,`LikedId`)
) ENGINE=MyISAM DEFAULT CHARSET=utf8;

--
-- Dumping data for table `evpperformerliked`
--


-- --------------------------------------------------------

--
-- Table structure for table `evpperformerlocation`
--

CREATE TABLE `evpperformerlocation` (
  `PerformerId` varchar(64) NOT NULL,
  `LocationAreaId` varchar(64) NOT NULL,
  PRIMARY KEY (`PerformerId`,`LocationAreaId`)
) ENGINE=MyISAM DEFAULT CHARSET=utf8;

--
-- Dumping data for table `evpperformerlocation`
--

INSERT INTO `evpperformerlocation` VALUES('138459EF-BD4B-03E4-5028-6D8E6C75B9FD', 'A805345F-10A8-4243-BF0E-3596CA9690F6');
INSERT INTO `evpperformerlocation` VALUES('170D0304-81C6-6BEE-EAEB-843D3D916205', 'A805345F-10A8-4243-BF0E-3596CA9690F6');
INSERT INTO `evpperformerlocation` VALUES('1A314332-1A44-4D70-61BB-DECCAFE9624B', 'A805345F-10A8-4243-BF0E-3596CA9690F6');
INSERT INTO `evpperformerlocation` VALUES('1CA00C67-FF75-8800-D081-AC3DE0A1CA76', 'A805345F-10A8-4243-BF0E-3596CA9690F6');
INSERT INTO `evpperformerlocation` VALUES('2522A62C-A9B3-7EC7-B03B-5C868CAAE77C', 'A805345F-10A8-4243-BF0E-3596CA9690F6');
INSERT INTO `evpperformerlocation` VALUES('34DB3399-1AF3-67A2-E668-9C5AFB719B1E', 'A805345F-10A8-4243-BF0E-3596CA9690F6');
INSERT INTO `evpperformerlocation` VALUES('36AAF11C-C128-78ED-7266-AED588AAF95C', 'A805345F-10A8-4243-BF0E-3596CA9690F6');
INSERT INTO `evpperformerlocation` VALUES('37BD2232-EC3C-1B5E-18BD-048DFD53B07B', 'A805345F-10A8-4243-BF0E-3596CA9690F6');
INSERT INTO `evpperformerlocation` VALUES('3F56442F-D307-A68A-3BCE-92DEF0721B4B', 'A805345F-10A8-4243-BF0E-3596CA9690F6');
INSERT INTO `evpperformerlocation` VALUES('5846479B-AF7C-02AC-50A6-E20138A21EF2', 'A805345F-10A8-4243-BF0E-3596CA9690F6');
INSERT INTO `evpperformerlocation` VALUES('669AD601-3045-5FB3-FCAA-914F1F243185', 'A805345F-10A8-4243-BF0E-3596CA9690F6');
INSERT INTO `evpperformerlocation` VALUES('6D641F95-42FC-38CC-EBC6-FC5917879717', 'A805345F-10A8-4243-BF0E-3596CA9690F6');
INSERT INTO `evpperformerlocation` VALUES('7281CEE0-1E59-31BC-BAC6-DCDFC58AD8A7', 'A805345F-10A8-4243-BF0E-3596CA9690F6');
INSERT INTO `evpperformerlocation` VALUES('7B7F631D-CBDF-F56A-E8EB-BE89495B3536', 'A805345F-10A8-4243-BF0E-3596CA9690F6');
INSERT INTO `evpperformerlocation` VALUES('7E141DF7-9898-93E9-8803-9D5635F14F7A', 'A805345F-10A8-4243-BF0E-3596CA9690F6');
INSERT INTO `evpperformerlocation` VALUES('807A983A-3F7D-BCD8-6760-81C93C041E23', 'A805345F-10A8-4243-BF0E-3596CA9690F6');
INSERT INTO `evpperformerlocation` VALUES('83AD3046-7462-1162-EEDD-423E85975F24', 'A805345F-10A8-4243-BF0E-3596CA9690F6');
INSERT INTO `evpperformerlocation` VALUES('8E2811A0-CA4F-E8EA-5BE6-D1438890E948', 'A805345F-10A8-4243-BF0E-3596CA9690F6');
INSERT INTO `evpperformerlocation` VALUES('8E7BE065-4894-4EE9-EEAE-640772EAD85F', 'A805345F-10A8-4243-BF0E-3596CA9690F6');
INSERT INTO `evpperformerlocation` VALUES('981B31FD-D0EC-03FD-8B40-9C1FB8962A17', 'A805345F-10A8-4243-BF0E-3596CA9690F6');
INSERT INTO `evpperformerlocation` VALUES('9C3F503E-CFFB-8CE9-E036-38A3563D4CB7', 'A805345F-10A8-4243-BF0E-3596CA9690F6');
INSERT INTO `evpperformerlocation` VALUES('9D825381-40E1-ED9A-976E-F2F4BB7365FA', 'A805345F-10A8-4243-BF0E-3596CA9690F6');
INSERT INTO `evpperformerlocation` VALUES('9FBE7D78-6816-638F-AFA9-C929E1E33987', 'A805345F-10A8-4243-BF0E-3596CA9690F6');
INSERT INTO `evpperformerlocation` VALUES('A2633456-01B1-C3E2-70D0-1EEE11FAD34A', 'A805345F-10A8-4243-BF0E-3596CA9690F6');
INSERT INTO `evpperformerlocation` VALUES('AC91C750-C272-592E-2C6A-5CFA025891B0', 'A805345F-10A8-4243-BF0E-3596CA9690F6');
INSERT INTO `evpperformerlocation` VALUES('B16BBA49-B5BF-9AA2-E8B8-9713ADCA1EFF', 'A805345F-10A8-4243-BF0E-3596CA9690F6');
INSERT INTO `evpperformerlocation` VALUES('B80EF265-697D-C7F7-3C14-79FDF2D42143', 'A805345F-10A8-4243-BF0E-3596CA9690F6');
INSERT INTO `evpperformerlocation` VALUES('B9C337B4-A9CB-731F-039A-8751E3AF6F50', 'A805345F-10A8-4243-BF0E-3596CA9690F6');
INSERT INTO `evpperformerlocation` VALUES('BF63CB74-23E4-A883-86E5-40B5F657D01B', 'A805345F-10A8-4243-BF0E-3596CA9690F6');
INSERT INTO `evpperformerlocation` VALUES('C06A5745-8DD4-2FB4-4B59-FAA45BC2DA8B', 'A805345F-10A8-4243-BF0E-3596CA9690F6');
INSERT INTO `evpperformerlocation` VALUES('C2644F09-FF73-CCCB-AE3A-199D6C0431D3', 'A805345F-10A8-4243-BF0E-3596CA9690F6');
INSERT INTO `evpperformerlocation` VALUES('CC316522-B751-7337-5E79-7221274D155A', 'A805345F-10A8-4243-BF0E-3596CA9690F6');
INSERT INTO `evpperformerlocation` VALUES('CC4FA7A5-64BE-5934-9326-A491FE47066A', 'A805345F-10A8-4243-BF0E-3596CA9690F6');
INSERT INTO `evpperformerlocation` VALUES('D1934A12-D642-5253-0A3E-53BC0229C30A', 'A805345F-10A8-4243-BF0E-3596CA9690F6');
INSERT INTO `evpperformerlocation` VALUES('D2037799-24C4-8E3A-EE8C-58E17574267B', 'A805345F-10A8-4243-BF0E-3596CA9690F6');
INSERT INTO `evpperformerlocation` VALUES('D9448F97-3F4C-9681-0E50-01BBD57C8D6C', 'A805345F-10A8-4243-BF0E-3596CA9690F6');
INSERT INTO `evpperformerlocation` VALUES('DEAC5505-37F7-E6DA-F7FA-7BA58A80262D', 'A805345F-10A8-4243-BF0E-3596CA9690F6');
INSERT INTO `evpperformerlocation` VALUES('DEEDF837-2C84-0F40-CED0-0750E6794433', 'A805345F-10A8-4243-BF0E-3596CA9690F6');
INSERT INTO `evpperformerlocation` VALUES('E0D44042-2932-2DCB-3BC9-367D03746FE3', 'A805345F-10A8-4243-BF0E-3596CA9690F6');
INSERT INTO `evpperformerlocation` VALUES('E63ACB53-196D-38CA-C189-946CD1FC6A24', 'A805345F-10A8-4243-BF0E-3596CA9690F6');
INSERT INTO `evpperformerlocation` VALUES('E7F88DD3-DAFC-0599-1886-44582215E2C3', 'A805345F-10A8-4243-BF0E-3596CA9690F6');
INSERT INTO `evpperformerlocation` VALUES('E8AFFE2B-705B-B5A5-ECBE-45CBB43C1272', 'A805345F-10A8-4243-BF0E-3596CA9690F6');
INSERT INTO `evpperformerlocation` VALUES('EA044482-44DF-A873-B765-EDC30094B166', 'A805345F-10A8-4243-BF0E-3596CA9690F6');
INSERT INTO `evpperformerlocation` VALUES('EB38C0B4-15CD-6CA1-A91C-86ADE7DD1252', 'A805345F-10A8-4243-BF0E-3596CA9690F6');
INSERT INTO `evpperformerlocation` VALUES('F4E9F445-4A05-1931-0DCB-A4BBD7D217DA', 'A805345F-10A8-4243-BF0E-3596CA9690F6');

-- --------------------------------------------------------

--
-- Table structure for table `evpperformermember`
--

CREATE TABLE `evpperformermember` (
  `PerformerId` varchar(64) NOT NULL,
  `MemberId` varchar(64) NOT NULL,
  PRIMARY KEY (`PerformerId`,`MemberId`)
) ENGINE=MyISAM DEFAULT CHARSET=utf8;

--
-- Dumping data for table `evpperformermember`
--

INSERT INTO `evpperformermember` VALUES('138459EF-BD4B-03E4-5028-6D8E6C75B9FD', '14D34900-63E9-6DBC-0798-B8D5C2DDFA46');
INSERT INTO `evpperformermember` VALUES('170D0304-81C6-6BEE-EAEB-843D3D916205', '34C9401C-514D-71C8-5AB9-B0B004BABA36');
INSERT INTO `evpperformermember` VALUES('1A314332-1A44-4D70-61BB-DECCAFE9624B', '14D34900-63E9-6DBC-0798-B8D5C2DDFA46');
INSERT INTO `evpperformermember` VALUES('1CA00C67-FF75-8800-D081-AC3DE0A1CA76', '34C9401C-514D-71C8-5AB9-B0B004BABA36');
INSERT INTO `evpperformermember` VALUES('2522A62C-A9B3-7EC7-B03B-5C868CAAE77C', '34C9401C-514D-71C8-5AB9-B0B004BABA36');
INSERT INTO `evpperformermember` VALUES('34DB3399-1AF3-67A2-E668-9C5AFB719B1E', '14D34900-63E9-6DBC-0798-B8D5C2DDFA46');
INSERT INTO `evpperformermember` VALUES('36AAF11C-C128-78ED-7266-AED588AAF95C', '34C9401C-514D-71C8-5AB9-B0B004BABA36');
INSERT INTO `evpperformermember` VALUES('37BD2232-EC3C-1B5E-18BD-048DFD53B07B', '14D34900-63E9-6DBC-0798-B8D5C2DDFA46');
INSERT INTO `evpperformermember` VALUES('3F56442F-D307-A68A-3BCE-92DEF0721B4B', '14D34900-63E9-6DBC-0798-B8D5C2DDFA46');
INSERT INTO `evpperformermember` VALUES('5846479B-AF7C-02AC-50A6-E20138A21EF2', '34C9401C-514D-71C8-5AB9-B0B004BABA36');
INSERT INTO `evpperformermember` VALUES('669AD601-3045-5FB3-FCAA-914F1F243185', '34C9401C-514D-71C8-5AB9-B0B004BABA36');
INSERT INTO `evpperformermember` VALUES('6D641F95-42FC-38CC-EBC6-FC5917879717', '34C9401C-514D-71C8-5AB9-B0B004BABA36');
INSERT INTO `evpperformermember` VALUES('7281CEE0-1E59-31BC-BAC6-DCDFC58AD8A7', '34C9401C-514D-71C8-5AB9-B0B004BABA36');
INSERT INTO `evpperformermember` VALUES('7B7F631D-CBDF-F56A-E8EB-BE89495B3536', '34C9401C-514D-71C8-5AB9-B0B004BABA36');
INSERT INTO `evpperformermember` VALUES('7E141DF7-9898-93E9-8803-9D5635F14F7A', '34C9401C-514D-71C8-5AB9-B0B004BABA36');
INSERT INTO `evpperformermember` VALUES('807A983A-3F7D-BCD8-6760-81C93C041E23', '34C9401C-514D-71C8-5AB9-B0B004BABA36');
INSERT INTO `evpperformermember` VALUES('83AD3046-7462-1162-EEDD-423E85975F24', '14D34900-63E9-6DBC-0798-B8D5C2DDFA46');
INSERT INTO `evpperformermember` VALUES('8E2811A0-CA4F-E8EA-5BE6-D1438890E948', '34C9401C-514D-71C8-5AB9-B0B004BABA36');
INSERT INTO `evpperformermember` VALUES('8E7BE065-4894-4EE9-EEAE-640772EAD85F', '14D34900-63E9-6DBC-0798-B8D5C2DDFA46');
INSERT INTO `evpperformermember` VALUES('981B31FD-D0EC-03FD-8B40-9C1FB8962A17', '14D34900-63E9-6DBC-0798-B8D5C2DDFA46');
INSERT INTO `evpperformermember` VALUES('9C3F503E-CFFB-8CE9-E036-38A3563D4CB7', '14D34900-63E9-6DBC-0798-B8D5C2DDFA46');
INSERT INTO `evpperformermember` VALUES('9D825381-40E1-ED9A-976E-F2F4BB7365FA', '34C9401C-514D-71C8-5AB9-B0B004BABA36');
INSERT INTO `evpperformermember` VALUES('9FBE7D78-6816-638F-AFA9-C929E1E33987', '34C9401C-514D-71C8-5AB9-B0B004BABA36');
INSERT INTO `evpperformermember` VALUES('A2633456-01B1-C3E2-70D0-1EEE11FAD34A', '34C9401C-514D-71C8-5AB9-B0B004BABA36');
INSERT INTO `evpperformermember` VALUES('AC91C750-C272-592E-2C6A-5CFA025891B0', '34C9401C-514D-71C8-5AB9-B0B004BABA36');
INSERT INTO `evpperformermember` VALUES('B16BBA49-B5BF-9AA2-E8B8-9713ADCA1EFF', '14D34900-63E9-6DBC-0798-B8D5C2DDFA46');
INSERT INTO `evpperformermember` VALUES('B80EF265-697D-C7F7-3C14-79FDF2D42143', '14D34900-63E9-6DBC-0798-B8D5C2DDFA46');
INSERT INTO `evpperformermember` VALUES('B9C337B4-A9CB-731F-039A-8751E3AF6F50', '34C9401C-514D-71C8-5AB9-B0B004BABA36');
INSERT INTO `evpperformermember` VALUES('BF63CB74-23E4-A883-86E5-40B5F657D01B', '34C9401C-514D-71C8-5AB9-B0B004BABA36');
INSERT INTO `evpperformermember` VALUES('C06A5745-8DD4-2FB4-4B59-FAA45BC2DA8B', '34C9401C-514D-71C8-5AB9-B0B004BABA36');
INSERT INTO `evpperformermember` VALUES('C2644F09-FF73-CCCB-AE3A-199D6C0431D3', '14D34900-63E9-6DBC-0798-B8D5C2DDFA46');
INSERT INTO `evpperformermember` VALUES('CC316522-B751-7337-5E79-7221274D155A', '34C9401C-514D-71C8-5AB9-B0B004BABA36');
INSERT INTO `evpperformermember` VALUES('CC4FA7A5-64BE-5934-9326-A491FE47066A', '14D34900-63E9-6DBC-0798-B8D5C2DDFA46');
INSERT INTO `evpperformermember` VALUES('D1934A12-D642-5253-0A3E-53BC0229C30A', '34C9401C-514D-71C8-5AB9-B0B004BABA36');
INSERT INTO `evpperformermember` VALUES('D2037799-24C4-8E3A-EE8C-58E17574267B', '14D34900-63E9-6DBC-0798-B8D5C2DDFA46');
INSERT INTO `evpperformermember` VALUES('D9448F97-3F4C-9681-0E50-01BBD57C8D6C', '14D34900-63E9-6DBC-0798-B8D5C2DDFA46');
INSERT INTO `evpperformermember` VALUES('DEAC5505-37F7-E6DA-F7FA-7BA58A80262D', '14D34900-63E9-6DBC-0798-B8D5C2DDFA46');
INSERT INTO `evpperformermember` VALUES('DEEDF837-2C84-0F40-CED0-0750E6794433', '14D34900-63E9-6DBC-0798-B8D5C2DDFA46');
INSERT INTO `evpperformermember` VALUES('E0D44042-2932-2DCB-3BC9-367D03746FE3', '34C9401C-514D-71C8-5AB9-B0B004BABA36');
INSERT INTO `evpperformermember` VALUES('E63ACB53-196D-38CA-C189-946CD1FC6A24', '14D34900-63E9-6DBC-0798-B8D5C2DDFA46');
INSERT INTO `evpperformermember` VALUES('E7F88DD3-DAFC-0599-1886-44582215E2C3', '14D34900-63E9-6DBC-0798-B8D5C2DDFA46');
INSERT INTO `evpperformermember` VALUES('E8AFFE2B-705B-B5A5-ECBE-45CBB43C1272', '14D34900-63E9-6DBC-0798-B8D5C2DDFA46');
INSERT INTO `evpperformermember` VALUES('EA044482-44DF-A873-B765-EDC30094B166', '34C9401C-514D-71C8-5AB9-B0B004BABA36');
INSERT INTO `evpperformermember` VALUES('EB38C0B4-15CD-6CA1-A91C-86ADE7DD1252', '34C9401C-514D-71C8-5AB9-B0B004BABA36');
INSERT INTO `evpperformermember` VALUES('F4E9F445-4A05-1931-0DCB-A4BBD7D217DA', '34C9401C-514D-71C8-5AB9-B0B004BABA36');

-- --------------------------------------------------------

--
-- Table structure for table `evpshow`
--

CREATE TABLE `evpshow` (
  `ShowId` varchar(64) NOT NULL,
  `ShowName` varchar(100) DEFAULT NULL,
  `ShowUrlFriendlyName` varchar(100) DEFAULT NULL,
  `FestivalId` varchar(64) DEFAULT NULL,
  `ShowDesc` longtext,
  `PicSmall` varchar(50) DEFAULT NULL,
  `PicLarge` varchar(50) DEFAULT NULL,
  `PriceRange` varchar(50) DEFAULT NULL,
  `ShowStatus` int(11) NOT NULL,
  `CountryId` varchar(64) NOT NULL,
  PRIMARY KEY (`ShowId`)
) ENGINE=MyISAM DEFAULT CHARSET=utf8;

--
-- Dumping data for table `evpshow`
--

INSERT INTO `evpshow` VALUES('DEE460C1-CC81-F197-F4D0-62C1511EB09E', 'Comedy On Edge: Film Feuds Podcast Live Nov 29', 'Comedy-On-Edge-Film-Feuds-Podcast-Live-Nov-29', '', '', NULL, NULL, '', 2, 'DB64AD06-4198-48B5-9812-3E40BD3F3225');
INSERT INTO `evpshow` VALUES('AC013737-778D-4F59-C03A-C383ADCB0B1C', 'Comedy on Edge presents: Roast Battle Dec 4', 'Comedy-on-Edge-presents-Roast-Battle-Dec-4', '', '<p>DIRECT FROM COMEDY STORE LOS ANGELES<br />\r\nComedy on Edge proudly presents<br />\r\nOFFICIAL AUSTRALIAN<br />\r\nCOMEDY ROAST BATTLES!<br />\r\n<br />\r\n2 competitiors go back and forth insulting each other in this no holds barred anti-pc game of slams!<br />\r\nAudience pick the winners!<br />\r\n<br />\r\nMAIN EVENT<br />\r\n<a href="https://www.facebook.com/raycashmancomedy/">Ray Cashman Comedy</a> VS <a href="https://www.facebook.com/profile.php?id=657082837">Justin Jones</a><br />\r\n<br />\r\nCard 1<br />\r\n<a href="https://www.facebook.com/louis.creagh">Lou Creagh</a> VS <a href="https://www.facebook.com/SeanMichaelsComedian/">Sean Michaels</a><br />\r\n<br />\r\nCard 2<br />\r\n<a href="https://www.facebook.com/emma.malik.581">Emma Malik</a> VS <a href="https://www.facebook.com/peter.meisel.9">Peter Meisel</a><br />\r\n<br />\r\nwith Special Guest Judges<br />\r\n<a href="https://www.facebook.com/ADBcomedy/">Al Del Bene</a>, <a href="https://www.facebook.com/ruven.govender">Ruven Govender</a> &amp; Ben Elwood<br />\r\n<br />\r\nHosted by <a href="https://www.facebook.com/iAmSeizure/">Seizure Kaiser</a><br />\r\n<br />\r\nAlso on the night you have stand ups performing<br />\r\n<br />\r\n<a href="https://www.facebook.com/gearard.mcgeown">Gearard McGeown</a><br />\r\n<a href="https://www.facebook.com/surencomedy/">Suren Jayemanne</a><br />\r\n<a href="https://www.facebook.com/presinator">Scott Thomson</a><br />\r\nGaelle Constant<br />\r\n<a href="https://www.facebook.com/yellaboganarniepie/">Arnie Pie</a><br />\r\n<a href="https://www.facebook.com/zac.hutchinson1">Zac Hutchinson</a><br />\r\n<a href="https://www.facebook.com/BrianStrain">Brian Strain</a><br />\r\n<a href="https://www.facebook.com/fiona.cox1">Fiona Cox</a><br />\r\nRohan Arniel<br />\r\n<a href="https://www.facebook.com/georgebpettifer">George Pettifer</a><br />\r\n<a href="https://www.facebook.com/wileey">Wiley Jay</a><br />\r\n<br />\r\nBuy Tickets online for only $10<br />\r\nor $15 at the door<br />\r\n<br />\r\nfor details visit <a href="http://comedyonedge.wix.com/comedyonedge" target="_blank">http://comedyonedge.wix.com/comedyonedge</a><br />\r\n<br />\r\nspecial thanks to Brian Moses (creator of Roast Battles) and the Comedy Store LA</p>\r\n', NULL, NULL, '%10-$15', 2, 'DB64AD06-4198-48B5-9812-3E40BD3F3225');
INSERT INTO `evpshow` VALUES('7CD5932A-33A7-CF57-DCB7-ABFCD813762C', 'The Valentine''s XXX Comedy Show! 2017', 'The-Valentine-s-XXX-Comedy-Show-2017', '', '<p>Spend valentines with some of the best comedians in Aus telling jokes and anecdotes about sex and relationships<br />\r\n<br />\r\n&#39;mischievous comedy. &#9733;&#9733;&#9733;&#9733;&#9733;&#39; -SAG<br />\r\n&#39;Highly recommended. &#9733;&#9733;&#9733;&#9733;&#39; Herald Sun<br />\r\n&#39;Excellent. &#9733;&#9733;&#9733;&#9733;&#39; SMH<br />\r\n<br />\r\nFeaturing<br />\r\n<a href="\\">Aaron Counter</a><br />\r\n<a href="\\">Sallie J Don</a>&nbsp;(abc)<br />\r\n<a href="\\">James Nokise</a>&nbsp;(NZ)<br />\r\n<a href="\\">Emma Malik</a>&nbsp;(UK)<br />\r\n<a href="\\">Dolores Lorette</a><br />\r\n<a href="\\">Renu Prasad</a>&nbsp;<br />\r\n<a href="\\">Sue Thomas</a><br />\r\n<br />\r\nHosted by<br />\r\n<a href="\\">Ray Cashman Comedy</a><br />\r\n<br />\r\nTickets only $10 when bought online or $15 on the door</p>\r\n', NULL, NULL, '$10-$15', 1, 'DB64AD06-4198-48B5-9812-3E40BD3F3225');
INSERT INTO `evpshow` VALUES('0D808EE0-5AA1-06E0-971F-BF00DDFDC7E2', 'test', 'test', '', '', NULL, NULL, '', 2, 'DB64AD06-4198-48B5-9812-3E40BD3F3225');
INSERT INTO `evpshow` VALUES('7EE05B27-A188-206F-0EF0-E725A559C5A6', 'Straight Stand-up 21 Feb 2017', 'Straight-Stand-up-21-Feb-2017', '', '', NULL, NULL, '', 1, 'DB64AD06-4198-48B5-9812-3E40BD3F3225');

-- --------------------------------------------------------

--
-- Table structure for table `evpshowadmin`
--

CREATE TABLE `evpshowadmin` (
  `AdminForId` varchar(64) NOT NULL,
  `MemberId` varchar(64) NOT NULL,
  PRIMARY KEY (`AdminForId`,`MemberId`)
) ENGINE=MyISAM DEFAULT CHARSET=utf8;

--
-- Dumping data for table `evpshowadmin`
--

INSERT INTO `evpshowadmin` VALUES('0D808EE0-5AA1-06E0-971F-BF00DDFDC7E2', '14D34900-63E9-6DBC-0798-B8D5C2DDFA46');
INSERT INTO `evpshowadmin` VALUES('7CD5932A-33A7-CF57-DCB7-ABFCD813762C', '14D34900-63E9-6DBC-0798-B8D5C2DDFA46');
INSERT INTO `evpshowadmin` VALUES('7EE05B27-A188-206F-0EF0-E725A559C5A6', '14D34900-63E9-6DBC-0798-B8D5C2DDFA46');
INSERT INTO `evpshowadmin` VALUES('AC013737-778D-4F59-C03A-C383ADCB0B1C', '14D34900-63E9-6DBC-0798-B8D5C2DDFA46');
INSERT INTO `evpshowadmin` VALUES('AC013737-778D-4F59-C03A-C383ADCB0B1C', '34C9401C-514D-71C8-5AB9-B0B004BABA36');
INSERT INTO `evpshowadmin` VALUES('DEE460C1-CC81-F197-F4D0-62C1511EB09E', '14D34900-63E9-6DBC-0798-B8D5C2DDFA46');
INSERT INTO `evpshowadmin` VALUES('DEE460C1-CC81-F197-F4D0-62C1511EB09E', '34C9401C-514D-71C8-5AB9-B0B004BABA36');

-- --------------------------------------------------------

--
-- Table structure for table `evpshowdate`
--

CREATE TABLE `evpshowdate` (
  `ShowDateId` varchar(64) NOT NULL,
  `ShowId` varchar(64) NOT NULL,
  `ShowDate` int(11) DEFAULT NULL,
  `ShowTime` int(11) DEFAULT NULL,
  `ShowDateStatus` int(11) NOT NULL,
  `VenueId` varchar(64) DEFAULT NULL,
  `VenueConfirmation` int(11) DEFAULT NULL,
  `ShowLength` varchar(50) DEFAULT NULL,
  PRIMARY KEY (`ShowDateId`),
  KEY `ShowId` (`ShowId`)
) ENGINE=MyISAM DEFAULT CHARSET=utf8;

--
-- Dumping data for table `evpshowdate`
--

INSERT INTO `evpshowdate` VALUES('DFEF92F0-5C30-9E1C-648B-6B7D7EC44D3E', 'DEE460C1-CC81-F197-F4D0-62C1511EB09E', 20161129, 2000, 2, 'E707C300-1E25-D8CC-D271-0C9D483F6991', 0, '');
INSERT INTO `evpshowdate` VALUES('7EFE7869-F5F7-CF9E-8038-23EAE20868E8', 'AC013737-778D-4F59-C03A-C383ADCB0B1C', 20161206, 2000, 2, 'E707C300-1E25-D8CC-D271-0C9D483F6991', 0, '');
INSERT INTO `evpshowdate` VALUES('EBC3FCFB-ABC5-0E86-16A7-4E771FC272AE', '7CD5932A-33A7-CF57-DCB7-ABFCD813762C', 20170214, 2000, 1, 'E707C300-1E25-D8CC-D271-0C9D483F6991', 0, '');
INSERT INTO `evpshowdate` VALUES('9A39DCC1-D5EA-2BAB-A610-A128C34097FF', '7EE05B27-A188-206F-0EF0-E725A559C5A6', 20170221, 2000, 1, 'E707C300-1E25-D8CC-D271-0C9D483F6991', 0, '');

-- --------------------------------------------------------

--
-- Table structure for table `evpshowdateperformer`
--

CREATE TABLE `evpshowdateperformer` (
  `ShowDatePerformerId` varchar(64) NOT NULL,
  `ShowDateId` varchar(64) NOT NULL,
  `PerformerId` varchar(64) NOT NULL,
  `DisplayOrder` int(11) NOT NULL,
  `Title` varchar(50) DEFAULT NULL,
  `PerformerConfirmed` int(11) DEFAULT NULL,
  `PerformanceLength` varchar(20) DEFAULT NULL,
  PRIMARY KEY (`ShowDatePerformerId`),
  KEY `ShowDateId` (`ShowDateId`)
) ENGINE=MyISAM DEFAULT CHARSET=utf8;

--
-- Dumping data for table `evpshowdateperformer`
--

INSERT INTO `evpshowdateperformer` VALUES('38ADEA60-CD0C-4BC0-16BD-5FD3B51B7065', 'DFEF92F0-5C30-9E1C-648B-6B7D7EC44D3E', '2522A62C-A9B3-7EC7-B03B-5C868CAAE77C', 1, 'MC', 0, '');
INSERT INTO `evpshowdateperformer` VALUES('BEC298D2-B35F-ADD7-EBDD-9C6AEF6B9D96', 'DFEF92F0-5C30-9E1C-648B-6B7D7EC44D3E', '669AD601-3045-5FB3-FCAA-914F1F243185', 2, 'MC', 0, '');
INSERT INTO `evpshowdateperformer` VALUES('A92B403B-A855-5AD9-CBB3-4FE4D94FE9B1', 'DFEF92F0-5C30-9E1C-648B-6B7D7EC44D3E', '170D0304-81C6-6BEE-EAEB-843D3D916205', 3, '', 0, '');
INSERT INTO `evpshowdateperformer` VALUES('8E1A4D35-7D4A-2F20-CAE3-3334A2E12766', 'DFEF92F0-5C30-9E1C-648B-6B7D7EC44D3E', 'E0D44042-2932-2DCB-3BC9-367D03746FE3', 4, '', 0, '');
INSERT INTO `evpshowdateperformer` VALUES('4063F8B6-9401-A030-68C5-1A7FCBC933FA', 'DFEF92F0-5C30-9E1C-648B-6B7D7EC44D3E', '8E2811A0-CA4F-E8EA-5BE6-D1438890E948', 5, '', 0, '');
INSERT INTO `evpshowdateperformer` VALUES('9A71A580-2FDC-E328-0D64-1F3CEC7798BD', 'DFEF92F0-5C30-9E1C-648B-6B7D7EC44D3E', 'AC91C750-C272-592E-2C6A-5CFA025891B0', 6, '', 0, '');
INSERT INTO `evpshowdateperformer` VALUES('3216C217-EB25-6A1B-41A3-7110B43DA742', 'DFEF92F0-5C30-9E1C-648B-6B7D7EC44D3E', 'B9C337B4-A9CB-731F-039A-8751E3AF6F50', 7, '', 0, '');
INSERT INTO `evpshowdateperformer` VALUES('56A484B5-6E73-4721-86F5-AA61807DE862', 'DFEF92F0-5C30-9E1C-648B-6B7D7EC44D3E', 'CC316522-B751-7337-5E79-7221274D155A', 8, '', 0, '7');
INSERT INTO `evpshowdateperformer` VALUES('5E6F3AF7-D355-6C59-6345-DA989F1D26FF', 'DFEF92F0-5C30-9E1C-648B-6B7D7EC44D3E', 'EB38C0B4-15CD-6CA1-A91C-86ADE7DD1252', 9, '', 0, '10');
INSERT INTO `evpshowdateperformer` VALUES('DA76C9C0-D874-B312-31C1-191BB8B0B245', 'DFEF92F0-5C30-9E1C-648B-6B7D7EC44D3E', '6D641F95-42FC-38CC-EBC6-FC5917879717', 10, '', 0, '10');
INSERT INTO `evpshowdateperformer` VALUES('E4ABC508-E39E-1ADE-5F1F-25D6532AD437', 'DFEF92F0-5C30-9E1C-648B-6B7D7EC44D3E', 'EA044482-44DF-A873-B765-EDC30094B166', 11, '', 0, '30');
INSERT INTO `evpshowdateperformer` VALUES('4534CBE5-7625-2BEB-F416-88611ED8B0FD', '7EFE7869-F5F7-CF9E-8038-23EAE20868E8', 'F4E9F445-4A05-1931-0DCB-A4BBD7D217DA', 1, '', 0, '');
INSERT INTO `evpshowdateperformer` VALUES('9C5FFB61-4D00-5DE9-9BCA-AC51E8917653', '7EFE7869-F5F7-CF9E-8038-23EAE20868E8', '7281CEE0-1E59-31BC-BAC6-DCDFC58AD8A7', 12, '', 0, '');
INSERT INTO `evpshowdateperformer` VALUES('9AEA55C7-3AD8-4BD8-9527-71E753403F1E', '7EFE7869-F5F7-CF9E-8038-23EAE20868E8', '5846479B-AF7C-02AC-50A6-E20138A21EF2', 3, '', 0, '');
INSERT INTO `evpshowdateperformer` VALUES('BDC8E8E7-A1FC-B2E0-0923-A748A7FFF067', '7EFE7869-F5F7-CF9E-8038-23EAE20868E8', '7B7F631D-CBDF-F56A-E8EB-BE89495B3536', 5, '', 0, '');
INSERT INTO `evpshowdateperformer` VALUES('A5088A69-7558-3413-D953-548C7BDA4035', '7EFE7869-F5F7-CF9E-8038-23EAE20868E8', '1CA00C67-FF75-8800-D081-AC3DE0A1CA76', 8, '', 0, '');
INSERT INTO `evpshowdateperformer` VALUES('31B2E6EA-8CD8-E65E-6929-ACD4E52B687D', '7EFE7869-F5F7-CF9E-8038-23EAE20868E8', '7E141DF7-9898-93E9-8803-9D5635F14F7A', 4, '', 0, '');
INSERT INTO `evpshowdateperformer` VALUES('B1031AB0-9A1E-9513-28FB-1288BE40D74A', '7EFE7869-F5F7-CF9E-8038-23EAE20868E8', 'D1934A12-D642-5253-0A3E-53BC0229C30A', 10, '', 0, '');
INSERT INTO `evpshowdateperformer` VALUES('2FC9F887-FE9D-C87E-2946-946518AA7CD2', '7EFE7869-F5F7-CF9E-8038-23EAE20868E8', '9D825381-40E1-ED9A-976E-F2F4BB7365FA', 9, '', 0, '');
INSERT INTO `evpshowdateperformer` VALUES('4F2B2C64-52A7-A31E-0354-0C54CC4DC692', '7EFE7869-F5F7-CF9E-8038-23EAE20868E8', 'C06A5745-8DD4-2FB4-4B59-FAA45BC2DA8B', 7, '', 0, '');
INSERT INTO `evpshowdateperformer` VALUES('F2246BA9-E3B2-3662-25FA-EA5595BE84E6', '7EFE7869-F5F7-CF9E-8038-23EAE20868E8', '9FBE7D78-6816-638F-AFA9-C929E1E33987', 11, '', 0, '');
INSERT INTO `evpshowdateperformer` VALUES('25593A9B-F294-0448-51E5-094DEF610C50', '7EFE7869-F5F7-CF9E-8038-23EAE20868E8', 'A2633456-01B1-C3E2-70D0-1EEE11FAD34A', 14, '', 0, '');
INSERT INTO `evpshowdateperformer` VALUES('E4CA8A08-6A53-1F42-C20A-20C4CA7830F0', '7EFE7869-F5F7-CF9E-8038-23EAE20868E8', '36AAF11C-C128-78ED-7266-AED588AAF95C', 13, '', 0, '');
INSERT INTO `evpshowdateperformer` VALUES('5D1DF73E-5D15-8001-035F-16EEEC4B4D79', '7EFE7869-F5F7-CF9E-8038-23EAE20868E8', '807A983A-3F7D-BCD8-6760-81C93C041E23', 6, '', 0, '');
INSERT INTO `evpshowdateperformer` VALUES('0D90CB4A-53F2-6B46-E25D-E4BC4007CEF0', 'EBC3FCFB-ABC5-0E86-16A7-4E771FC272AE', 'D2037799-24C4-8E3A-EE8C-58E17574267B', 1, 'Host', 0, '');
INSERT INTO `evpshowdateperformer` VALUES('A22860FA-C62C-EDF8-1F39-44FC9B7F91C6', 'EBC3FCFB-ABC5-0E86-16A7-4E771FC272AE', 'DEAC5505-37F7-E6DA-F7FA-7BA58A80262D', 2, '', 0, '7');
INSERT INTO `evpshowdateperformer` VALUES('EC3CEB95-2706-01D3-06DE-BB2EF3A46854', 'EBC3FCFB-ABC5-0E86-16A7-4E771FC272AE', '9C3F503E-CFFB-8CE9-E036-38A3563D4CB7', 3, '', 0, '20');
INSERT INTO `evpshowdateperformer` VALUES('E3AA6BCA-6618-7426-D18F-C3550F81341F', 'EBC3FCFB-ABC5-0E86-16A7-4E771FC272AE', 'DEEDF837-2C84-0F40-CED0-0750E6794433', 4, '', 0, '7');
INSERT INTO `evpshowdateperformer` VALUES('AA25F68F-E1FC-E6AE-3AF4-04D52E9C5663', 'EBC3FCFB-ABC5-0E86-16A7-4E771FC272AE', 'E63ACB53-196D-38CA-C189-946CD1FC6A24', 5, '', 0, '20');
INSERT INTO `evpshowdateperformer` VALUES('0CC8C216-87A0-B7E1-D6DA-0D1A16D42C4E', 'EBC3FCFB-ABC5-0E86-16A7-4E771FC272AE', 'B80EF265-697D-C7F7-3C14-79FDF2D42143', 6, '', 0, '7');
INSERT INTO `evpshowdateperformer` VALUES('55A20C35-1542-6C3D-8EE6-18111D61BA99', 'EBC3FCFB-ABC5-0E86-16A7-4E771FC272AE', 'CC4FA7A5-64BE-5934-9326-A491FE47066A', 8, '', 0, '10');
INSERT INTO `evpshowdateperformer` VALUES('EB402BF9-54F8-BB1E-33E5-E2CE61918A16', 'EBC3FCFB-ABC5-0E86-16A7-4E771FC272AE', 'E7F88DD3-DAFC-0599-1886-44582215E2C3', 9, '', 0, '20');
INSERT INTO `evpshowdateperformer` VALUES('0C1D6346-13DB-B7B4-1C31-08572103F4DC', 'EBC3FCFB-ABC5-0E86-16A7-4E771FC272AE', '83AD3046-7462-1162-EEDD-423E85975F24', 10, '', 0, '20');
INSERT INTO `evpshowdateperformer` VALUES('A4D5AEA0-53D8-4AD5-06D0-44EF4CA78642', '9A39DCC1-D5EA-2BAB-A610-A128C34097FF', '1A314332-1A44-4D70-61BB-DECCAFE9624B', 1, 'MC', 0, '');
INSERT INTO `evpshowdateperformer` VALUES('B0C1A935-65E8-B4C0-82CD-938F1D7C25C5', '9A39DCC1-D5EA-2BAB-A610-A128C34097FF', '3F56442F-D307-A68A-3BCE-92DEF0721B4B', 2, '', 0, '10');
INSERT INTO `evpshowdateperformer` VALUES('16EA5E73-EDAF-9A28-6E82-D2EF1126BDC1', '9A39DCC1-D5EA-2BAB-A610-A128C34097FF', '34DB3399-1AF3-67A2-E668-9C5AFB719B1E', 4, '', 0, '');
INSERT INTO `evpshowdateperformer` VALUES('45B24C40-229A-EC7D-D547-B03E97777B73', '9A39DCC1-D5EA-2BAB-A610-A128C34097FF', '981B31FD-D0EC-03FD-8B40-9C1FB8962A17', 3, '', 0, '');
INSERT INTO `evpshowdateperformer` VALUES('BDC0BECC-18FD-E316-45A1-4F88FE7EE5C3', '9A39DCC1-D5EA-2BAB-A610-A128C34097FF', '8E7BE065-4894-4EE9-EEAE-640772EAD85F', 5, '', 0, '');
INSERT INTO `evpshowdateperformer` VALUES('9A213F1A-85F5-761B-F57D-F9965BEBDCDB', '9A39DCC1-D5EA-2BAB-A610-A128C34097FF', 'C2644F09-FF73-CCCB-AE3A-199D6C0431D3', 6, '', 0, '7');
INSERT INTO `evpshowdateperformer` VALUES('44D8EDED-1E66-5D37-B9E9-4D4AC5481AB5', '9A39DCC1-D5EA-2BAB-A610-A128C34097FF', 'D9448F97-3F4C-9681-0E50-01BBD57C8D6C', 7, '', 0, '7');
INSERT INTO `evpshowdateperformer` VALUES('05770362-9877-55E8-02C2-7EC3DD22D62C', '9A39DCC1-D5EA-2BAB-A610-A128C34097FF', '669AD601-3045-5FB3-FCAA-914F1F243185', 8, '', 0, '10');
INSERT INTO `evpshowdateperformer` VALUES('85E877D7-EAC5-849C-8C73-E9ADD3E1FF9D', '9A39DCC1-D5EA-2BAB-A610-A128C34097FF', '9D825381-40E1-ED9A-976E-F2F4BB7365FA', 9, '', 0, '');
INSERT INTO `evpshowdateperformer` VALUES('A8C4DF8C-63F0-3693-5170-F8E101805D44', '9A39DCC1-D5EA-2BAB-A610-A128C34097FF', '138459EF-BD4B-03E4-5028-6D8E6C75B9FD', 10, '', 0, '');
INSERT INTO `evpshowdateperformer` VALUES('F3D74DC2-CD77-A049-5F14-5D90AD5BC615', '9A39DCC1-D5EA-2BAB-A610-A128C34097FF', 'E8AFFE2B-705B-B5A5-ECBE-45CBB43C1272', 11, '', 0, '7');
INSERT INTO `evpshowdateperformer` VALUES('384EE917-4C85-B5C7-8006-DCA23ACAF5D5', '9A39DCC1-D5EA-2BAB-A610-A128C34097FF', '1CA00C67-FF75-8800-D081-AC3DE0A1CA76', 12, '', 0, '7');
INSERT INTO `evpshowdateperformer` VALUES('2CFE8929-5FCE-CD5C-8C59-58CB7D71AB59', '9A39DCC1-D5EA-2BAB-A610-A128C34097FF', 'B16BBA49-B5BF-9AA2-E8B8-9713ADCA1EFF', 13, '', 0, '10');

-- --------------------------------------------------------

--
-- Table structure for table `evpshowhost`
--

CREATE TABLE `evpshowhost` (
  `ShowId` varchar(64) NOT NULL,
  `HostId` varchar(64) NOT NULL,
  PRIMARY KEY (`ShowId`,`HostId`)
) ENGINE=MyISAM DEFAULT CHARSET=utf8;

--
-- Dumping data for table `evpshowhost`
--

INSERT INTO `evpshowhost` VALUES('AC013737-778D-4F59-C03A-C383ADCB0B1C', '762EF655-5666-441C-0281-9FA19137D82B');
INSERT INTO `evpshowhost` VALUES('DEE460C1-CC81-F197-F4D0-62C1511EB09E', '762EF655-5666-441C-0281-9FA19137D82B');

-- --------------------------------------------------------

--
-- Table structure for table `evpvenue`
--

CREATE TABLE `evpvenue` (
  `VenueId` varchar(64) NOT NULL,
  `VenueName` varchar(100) DEFAULT NULL,
  `VenueStatus` int(11) NOT NULL,
  `VenueUrlFriendlyName` varchar(100) DEFAULT NULL,
  `LocationAreaId` varchar(64) DEFAULT NULL,
  `IsDefault` tinyint(1) DEFAULT NULL,
  `VenueDesc` longtext,
  `Address1` varchar(100) DEFAULT NULL,
  `Address2` varchar(100) DEFAULT NULL,
  `AddressSuburb` varchar(100) DEFAULT NULL,
  `AddressState` varchar(100) DEFAULT NULL,
  `AddressPostcode` varchar(20) DEFAULT NULL,
  PRIMARY KEY (`VenueId`)
) ENGINE=MyISAM DEFAULT CHARSET=utf8;

--
-- Dumping data for table `evpvenue`
--

INSERT INTO `evpvenue` VALUES('E707C300-1E25-D8CC-D271-0C9D483F6991', 'The Chippo Hotel', 1, 'The-Chippo-Hotel', 'A805345F-10A8-4243-BF0E-3596CA9690F6', 1, '<p>87-91 Abercrombie St Chippendale</p>\r\n\r\n<p>Chippendale</p>\r\n', '', '', '', '', '');

-- --------------------------------------------------------

--
-- Table structure for table `evpvenueadmin`
--

CREATE TABLE `evpvenueadmin` (
  `AdminForId` varchar(64) NOT NULL,
  `MemberId` varchar(64) NOT NULL,
  PRIMARY KEY (`AdminForId`,`MemberId`)
) ENGINE=MyISAM DEFAULT CHARSET=utf8;

--
-- Dumping data for table `evpvenueadmin`
--

INSERT INTO `evpvenueadmin` VALUES('E707C300-1E25-D8CC-D271-0C9D483F6991', '14D34900-63E9-6DBC-0798-B8D5C2DDFA46');
INSERT INTO `evpvenueadmin` VALUES('E707C300-1E25-D8CC-D271-0C9D483F6991', '34C9401C-514D-71C8-5AB9-B0B004BABA36');

-- --------------------------------------------------------

--
-- Table structure for table `evpvenueliked`
--

CREATE TABLE `evpvenueliked` (
  `MemberId` varchar(64) NOT NULL,
  `LikedId` varchar(64) NOT NULL,
  PRIMARY KEY (`MemberId`,`LikedId`)
) ENGINE=MyISAM DEFAULT CHARSET=utf8;

--
-- Dumping data for table `evpvenueliked`
--

